Código,Edital,Título,Coordenador ,Unidade,DEPARTAMENTOS,Situação,Dimensão Acadêmica,Data de início,Data de término,"Fomento (CAPES, CNPq, Edital interno, outros)",Valor financiado,Nº de bolsistas,Nº de docentes envolvidos,"Produções geradas (artigos, patentes, protótipos)",Observações,Público Atendido,Parceiros Externos
EVxxx-2025,FINANCIAMENTO INTERNO (PROEX Fluxo Contínuo - Eventos ou Produtos 2025),"Seminário Sobre Atuação do Técnico Industrial nos Processos de Regularização Fundiária em SC
Coordenador(a): ADOLFO LINO DE ARAUJO",ADOLFO LINO DE ARAUJO,CCTA-FLN,DACC,CLASSIFICADA (APROVADA SEM RECURSOS),EXTENSÃO,30/10/2025 a 31/10/2025,,,,,,,,,
PJ115-2025,FINANCIAMENTO INTERNO (2025_PROEX 02 - Permanente de Arte e Cultura),Grupo Teatral Boca de Siri - 30º Ano,ALEX DE SOUZA,ASART-FLN,DALTEC,EM EXECUÇÃO,EXTENSÃO,30/04/2025 a 30/11/2025,,,,,,,,,
CR008-2025,"FINANCIAMENTO INTERNO (PROEX Fluxo Contínuo - Programas, Projetos e Cursos 2025)	","LaTTe/25 LAB1: RPG & Teatro - oficina de criação de personagens e dramaturgias
Coordenador(a): ALEX DE SOUZA",ALEX DE SOUZA,ASART-FLN,DALTEC,CONCLUÍDA,EXTENSÃO,08/04/2025 a 10/06/2025,,,,,,,,,
CR038-2025,"FINANCIAMENTO INTERNO (PROEX Fluxo Contínuo - Programas, Projetos e Cursos 2025)","LaTTe/25 LAB3: Teatro & RPG - oficina de criação de personagens e dramaturgias
Coordenador(a): ALEX DE SOUZA",ALEX DE SOUZA,ASART-FLN,DAS,EM EXECUÇÃO,EXTENSÃO,25/08/2025 a 12/12/2025,,,,,,,,,
CRxxx-2025,"FINANCIAMENTO INTERNO (PROEX Fluxo Contínuo - Programas, Projetos e Cursos 2025)","LaTTe/25 LAB4: DANÇAR O JOGO, JOGAR A CENA
Coordenador(a): ALEX DE SOUZA",ALEX DE SOUZA,ASART-FLN,DALTEC,CLASSIFICADA (APROVADA SEM RECURSOS),EXTENSÃO,29/09/2025 a 12/12/2025,,,,,,,,,
CR010-2025,"FINANCIAMENTO INTERNO (PROEX Fluxo Contínuo - Programas, Projetos e Cursos 2025)","Siri-lépes - Oficina de Iniciação Teatral 2025/1
Coordenador(a): ALEX DE SOUZA",ALEX DE SOUZA,ASART-FLN,DALTEC,CONCLUÍDA,EXTENSÃO,07/04/2025 a 30/07/2025,,,,,,,,,
CR032-2025,"FINANCIAMENTO INTERNO (PROEX Fluxo Contínuo - Programas, Projetos e Cursos 2025)","Siri-lépes - Oficina de Iniciação Teatral 2025/2
Coordenador(a): ALEX DE SOUZA",ALEX DE SOUZA,ASART-FLN,DALTEC,EM EXECUÇÃO,EXTENSÃO,18/08/2025 a 29/11/2025,,,,,,,,,
CR019-2025,"FINANCIAMENTO INTERNO (PROEX Fluxo Contínuo - Programas, Projetos e Cursos 2025)","Laudo Caracterizador da Deficiência
Coordenador(a): ANA PAULA SILVA",ANA PAULA SILVA,NAE-FLN,NAE,EM EXECUÇÃO,EXTENSÃO,05/08/2025 a 05/08/2025,,,,,,,,,
PJ284-2025,FINANCIAMENTO INTERNO (PROEX Fluxo Contínuo - Programas e Projetos de Extensão Curricularizados 2025),Engajamento comunitário em Engenharia: experimentação de estratégias em redes para soluções sustentáveis em Santa Catarina,ANDRE DALA POSSA,DALTEC-FLN,DALTEC,EM EXECUÇÃO,EXTENSÃO,06/06/2025 a 25/07/2025,,,,,,,,,
PJ406-2025,FINANCIAMENTO INTERNO (PROEX Fluxo Contínuo - Programas e Projetos de Extensão Curricularizados 2025),Entrepontos: acolhimento e orientação profissional de mulheres mães em vulnerabilidade social na cidade de Florianópolis,ANDRE DALA POSSA,DALTEC-FLN,DALTEC,EM EXECUÇÃO,EXTENSÃO,25/03/2025 a 28/11/2025,,,,,,,,,
PJ048-2025,FINANCIAMENTO INTERNO (2025_PROEX 01 - Apoio a Projetos de Extensão),"INCUBINTECH
Coordenador(a): ANDRE DALA POSSA",ANDRE DALA POSSA,CCEET-FLN,DAE,EM EXECUÇÃO,EXTENSÃO,01/04/2025 a 30/11/2025,,,,,,,,,
PG002-2025,"FINANCIAMENTO INTERNO (PROEX Fluxo Contínuo - Programas, Projetos e Cursos 2025)	","LabCIDIG – Laboratório de Cidadania Digital: Educação, Ciência e Tecnologia para Vivências OnLIFE
Coordenador(a): ANDRE DALA POSSA",ANDRE DALA POSSA,DALTEC-FLN,DALTEC,EM EXECUÇÃO,EXTENSÃO,02/09/2025 a 31/07/2026,,,,,,,,,
PJ438-2025,"FINANCIAMENTO INTERNO (PROEX Fluxo Contínuo - Programas, Projetos e Cursos 2025)","Likes que engajam, laços que protegem: produção de conhecimento e abordagem preventiva em rede para cidadania digital contra o Tráfico de Pessoas
Coordenador(a): ANDRE DALA POSSA",ANDRE DALA POSSA,DALTEC-FLN,DALTEC,EM EXECUÇÃO,EXTENSÃO,10/10/2025 a 31/07/2026,,,,,,,,,
EV014-2025,FINANCIAMENTO INTERNO (PROEX Fluxo Contínuo - Eventos ou Produtos 2025)	,"Seminário Municipal de Prevenção da Saúde Infantojuvenil - Maio Laranja em Florianópolis
Coordenador(a): ANDRE DALA POSSA",ANDRE DALA POSSA,DALTEC-FLN,DALTEC,CONCLUÍDA,EXTENSÃO,19/05/2025 a 19/05/2025,,,,,,,,,
PJxxx-2025,"FINANCIAMENTO INTERNO (PROEX Fluxo Contínuo - Programas, Projetos e Cursos 2025)",ANÁLISE DE TIPOLOGIAS ESTRUTURAIS PARA O CONCURSO DE PONTES DE PALITO DE PICOLÉ DA SNCT 2025,ANDRE PUEL,CCEC-FLN,DACC,CLASSIFICADA (APROVADA SEM RECURSOS),EXTENSÃO,03/04/2025 a 30/12/2025,,,,,,,,,
PJ148-2025,FINANCIAMENTO INTERNO (2025_PROEX 02 - Permanente de Arte e Cultura),Dança e movimento no IFSC,ANDRESA SILVEIRA SOARES,CEFIS-FLN,DALTEC,EM EXECUÇÃO,EXTENSÃO,30/04/2025 a 30/11/2025,,,,,,,,,
PJ022-2025,FINANCIAMENTO INTERNO (2025_DIREN-PROEN 01 - Apoio a Projetos de Ensino),Futsal: experiências com a metodologia ensino-aprendizagem-treinamento no futsal,ANDRESA SILVEIRA SOARES,CEFIS-FLN,DALTEC,EM EXECUÇÃO,EXTENSÃO,15/04/2025 a 15/12/2025,,,,,,,,,
PDxxx-2025,FINANCIAMENTO INTERNO (PROEX Fluxo Contínuo - Eventos ou Produtos 2025),Adequação espacial dos locais voltados ao serviço de alimentação e/ou Nutrição e Dietética em uma universidade acerca da temática da doença celíaca,ANELISE CHRISTINE MACARI,CCTEDF-FLN,DACC,CADASTRO EM ANDAMENTO,EXTENSÃO,01/09/2025 a 19/12/2025,,,,,,,,,
PJ479-2025,"FINANCIAMENTO INTERNO (PROEX Fluxo Contínuo - Programas, Projetos e Cursos 2025)",Estudos de adequação de restaurante e hospital universitários ao atendimento de pessoas celíacas,ANELISE CHRISTINE MACARI,CCTEDF-FLN,DACC,EM EXECUÇÃO,EXTENSÃO,25/08/2025 a 19/12/2025,,,,,,,,,
PJxxx-2025,FINANCIAMENTO INTERNO (PROEX Fluxo Contínuo - Programas e Projetos de Extensão Curricularizados 2025),Atividades de Extensão II do Curso de Engenharia Mecatrônica 2025-1,AURELIO DA COSTA SABINO NETTO,CCEMCT-FLN,DAMM,CLASSIFICADA (APROVADA SEM RECURSOS),EXTENSÃO,24/03/2025 a 02/08/2025,,,,,,,,,
PD001-2025,FINANCIAMENTO INTERNO (PROEX Fluxo Contínuo - Eventos ou Produtos 2025),"Oficina de construção de um Buzzer
Coordenador(a): AURELIO DA COSTA SABINO NETTO",AURELIO DA COSTA SABINO NETTO,CCEMCT-FLN,DAMM,CONCLUÍDA,EXTENSÃO,24/03/2025 a 17/07/2025,,,,,,,,,
PD002-2025,FINANCIAMENTO INTERNO (PROEX Fluxo Contínuo - Eventos ou Produtos 2025),"Oficina de montagem de um placar eletrônico
Coordenador(a): AURELIO DA COSTA SABINO NETTO",AURELIO DA COSTA SABINO NETTO,CCEMCT-FLN,DAMM,CONCLUÍDA,EXTENSÃO,24/03/2025 a 17/07/2025,,,,,,,,,
PJ132-2025,FINANCIAMENTO INTERNO (2025_PROEX 01 - Apoio a Projetos de Extensão),"Produção sustentável a partir da reciclagem de tampas plásticas
Coordenador(a): AURELIO DA COSTA SABINO NETTO",AURELIO DA COSTA SABINO NETTO,CCEMCT-FLN,DAMM,EM EXECUÇÃO,EXTENSÃO,01/04/2025 a 30/11/2025,,,,,,,,,
PJ128-2025,"FINANCIAMENTO INTERNO (PROEX Fluxo Contínuo - Programas, Projetos e Cursos 2025)","MEDITAÇÃO E TERAPIA PRÂNICA NO CÂMPUS
Coordenador(a): BRUNO GONCALVES LOPES",BRUNO GONCALVES LOPES,ASFIS-FLN,DALTEC,EM EXECUÇÃO,EXTENSÃO,07/04/2025 a 19/12/2025,,,,,,,,,
PJ442-2025,FINANCIAMENTO INTERNO (PROEX Fluxo Contínuo - Programas e Projetos de Extensão Curricularizados 2025),Concepção de Sistemas Produto - Serviço para entidade Farol da Cidadania,CARLA ARCOVERDE DE AGUIAR NEVES,CCBD-FLN,DAMM,EM EXECUÇÃO,EXTENSÃO,27/05/2025 a 29/07/2025,,,,,,,,,
CR026-2025,"FINANCIAMENTO INTERNO (PROEX Fluxo Contínuo - Programas, Projetos e Cursos 2025)",Caminhos da energia: Da geração até os consumidores.,CARLOS ERNANI DA VEIGA,CCTETEC-FLN,DAE,RELATÓRIO FINAL DO PROJETO ENTREGUE (AGUARDANDO AVALIAÇÃO),EXTENSÃO,25/06/2025 a 25/06/2025,,,,,,,,,
PJxxx-2025,FINANCIAMENTO INTERNO (PROEX Fluxo Contínuo - Programas e Projetos de Extensão Curricularizados 2025),Choque Zero – Fios do Amanhã: Capacitação em Eletricidade e Segurança para Estudantes do 9.º Ano,CARLOS ERNANI DA VEIGA,CCTETEC-FLN,DAE,CADASTRO EM ANDAMENTO,EXTENSÃO,22/08/2025 a 19/12/2025,,,,,,,,,
CR035-2025,"FINANCIAMENTO INTERNO (PROEX Fluxo Contínuo - Programas, Projetos e Cursos 2025)",Eficiência energética,CARLOS ERNANI DA VEIGA,CCTETEC-FLN,DAE,RELATÓRIO FINAL DO PROJETO ENTREGUE (AGUARDANDO AVALIAÇÃO),EXTENSÃO,08/07/2025 a 08/07/2025,,,,,,,,,
PJxxx-2025,FINANCIAMENTO INTERNO (PROEX Fluxo Contínuo - Programas e Projetos de Extensão Curricularizados 2025),Explorando o Mundo da Engenharia: Uma Experiência Universitária na Escola,CARLOS ERNANI DA VEIGA,CCTETEC-FLN,DAE,CADASTRO EM ANDAMENTO,EXTENSÃO,22/08/2025 a 19/12/2025,,,,,,,,,
CR034-2025,"FINANCIAMENTO INTERNO (PROEX Fluxo Contínuo - Programas, Projetos e Cursos 2025)","Noções de Eletricidade
Coordenador(a): CARLOS ERNANI DA VEIGA",CARLOS ERNANI DA VEIGA,CCTETEC-FLN,DAE,RELATÓRIO FINAL DO PROJETO ENTREGUE (AGUARDANDO AVALIAÇÃO),EXTENSÃO,01/07/2025 a 01/07/2025,,,,,,,,,
PJ099-2025,FINANCIAMENTO INTERNO (2025_PROEX 01 - Apoio a Projetos de Extensão),Aplicação de Robótica Educacional no Maciço do Morro da Cruz,CARLOS HENRIQUE RADAVELLI,ASMAT-FLN,DALTEC,EM EXECUÇÃO,EXTENSÃO,01/04/2025 a 30/11/2025,,,,,,,,,
CRxxx-2025,"FINANCIAMENTO INTERNO (PROEX Fluxo Contínuo - Programas, Projetos e Cursos 2025)","Segurança em Ressonância Magnética: Capacitação para Militares
Coordenador(a): CAROLINA NEIS MACHADO",CAROLINA NEIS MACHADO,CCSTR-FLN,DAS,CADASTRO EM ANDAMENTO,EXTENSÃO,31/07/2025 a 24/02/2026,,,,,,,,,
PJxxx-2025,FINANCIAMENTO INTERNO (PROEX Fluxo Contínuo - Programas e Projetos de Extensão Curricularizados 2025),"Oficina de Soldagem de Chaveiro Eletrônico na SNCT 2025
Coordenador(a): CLOVIS ANTONIO PETRY",CLOVIS ANTONIO PETRY,CCEE-FLN,DAELN,CADASTRO EM ANDAMENTO,EXTENSÃO,18/08/2025 a 01/12/2025,,,,,,,,,
PJxxx-2025,"FINANCIAMENTO INTERNO (PROEX Fluxo Contínuo - Programas, Projetos e Cursos 2025)","Orientação Profissional: mundo do trabalho, subjetividade e identidade profissional
Coordenador(a): CRISTIANE ANTUNES ESPINDOLA",Cristiane Antunes Espindola,NAE-FLN,DIREN,CADASTRO EM ANDAMENTO,EXTENSÃO,24/03/2025 a 19/12/2025,,,,,,,,,
PJxxx-2025,"FINANCIAMENTO INTERNO (PROEX Fluxo Contínuo - Programas, Projetos e Cursos 2025)","Orientação Profissional: mundo do trabalho, subjetividade e identidade profissional
Coordenador(a): CRISTIANE ANTUNES ESPINDOLA",Cristiane Antunes Espindola,DIREN-FLN,DIREN,CLASSIFICADA (APROVADA SEM RECURSOS),EXTENSÃO,24/03/2025 a 19/12/2025,,,,,,,,,
EV021-2025,FINANCIAMENTO INTERNO (PROEX Fluxo Contínuo - Eventos ou Produtos 2025),"Organização local do Festival Pint of Science Florianópolis - 2025
Coordenador(a): DAIANE CRISTINI BARBOSA DE SOUZA",DAIANE CRISTINI BARBOSA DE SOUZA,CCSTR-FLN,DAS,CONCLUÍDA,EXTENSÃO,19/05/2025 a 21/05/2025,,,,,,,,,
PJxxx-2025,"FINANCIAMENTO INTERNO (PROEX Fluxo Contínuo - Programas, Projetos e Cursos 2025)","Semana Nacional de Ciência e Tecnologia SNCT 2025 - Câmpus Florianópolis
Coordenador(a): DAIANE CRISTINI BARBOSA DE SOUZA",DAIANE CRISTINI BARBOSA DE SOUZA,DIRPPIE-FLN,DPPE,AGUARDANDO AVALIAÇÃO,EXTENSÃO,01/09/2025 a 15/12/2025,,,,,,,,,
PJxxx-2025,FINANCIAMENTO INTERNO (PROEX Fluxo Contínuo - Programas e Projetos de Extensão Curricularizados 2025),Fragmentos: Educação Ambiental junto ao Projeto Lontra,DEISE ALBERTAZZI GONCALVES TOMELIN,CCBD-FLN,DAMM,CADASTRO EM ANDAMENTO,EXTENSÃO,18/08/2025 a 19/12/2025,,,,,,,,,
PJ036-2025,FINANCIAMENTO INTERNO (2025_DIREN-PROEN 01 - Apoio a Projetos de Ensino),Conhecendo a História do Brasil por meio da Olimpíada Nacional em História do Brasil (ONHB) - etapa 6,EDUARDO DOS SANTOS CHAVES,ASCIH-FLN,DALTEC,EM EXECUÇÃO,EXTENSÃO,15/04/2025 a 15/12/2025,,,,,,,,,
EVxxx-2025,FINANCIAMENTO INTERNO (PROEX Fluxo Contínuo - Eventos ou Produtos 2025),Economia: modo de funcionar,ELIESER DONIZETE SPERETA,ASCIH-FLN,DALTEC,CLASSIFICADA (APROVADA SEM RECURSOS),EXTENSÃO,24/11/2025 a 29/11/2025,,,,,,,,,
PJ127-2025,FINANCIAMENTO INTERNO (2025_PROEX 02 - Permanente de Arte e Cultura),Clube de escrita 2025,ELISA HELENA TONON,ASPOR-FLN,DALTEC,EM EXECUÇÃO,EXTENSÃO,30/04/2025 a 30/11/2025,,,,,,,,,
PJ064-2025,FINANCIAMENTO INTERNO (2025_DIREN-PROEN 01 - Apoio a Projetos de Ensino),"Oficina teórico-prática sobre Hidrogênio Verde como alternativa energética sustentável
Coordenador(a): EVERTHON TAGHORI SICA",EVERTHON TAGHORI SICA,CCEET-FLN,DAE,EM EXECUÇÃO,EXTENSÃO,15/04/2025 a 15/12/2025,,,,,,,,,
PJ147-2025,"FINANCIAMENTO INTERNO (PROEX Fluxo Contínuo - Programas, Projetos e Cursos 2025)","Projeto Olímpico de Treinamento Intensivo para as Olimpíadas de Matemática
Coordenador(a): FABIANO CARLOS CIDRAL",FABIANO CARLOS CIDRAL,ASMAT-FLN,DALTEC,EM EXECUÇÃO,EXTENSÃO,24/03/2025 a 19/12/2025,,,,,,,,,
PJ031-2025,FINANCIAMENTO INTERNO (2025_DIREN-PROEN 01 - Apoio a Projetos de Ensino),"Projeto e construção de um modelo de chassi de kart, em aço.
Coordenador(a): FERNANDA DE SOUZA ROYSE",FERNANDA DE SOUZA ROYSE,CCTMAUT-FLN,DAMM,EM EXECUÇÃO,EXTENSÃO,15/04/2025 a 15/12/2025,,,,,,,,,
PJ361-2025,FINANCIAMENTO INTERNO (PROEX Fluxo Contínuo - Programas e Projetos de Extensão Curricularizados 2025),ENGENHARIA MECATRÔNICA: MOVIMENTANDO A ENGRENAGEM DA CIDADANIA COLETIVA,FERNANDO JOSE FERNANDES GONCALVES,DAMM-FLN,DAMM,CONCLUÍDA,EXTENSÃO,10/03/2025 a 01/08/2025,,,,,,,,,
PJ154-2025,FINANCIAMENTO INTERNO (2025_DIREN-PROEN 01 - Apoio a Projetos de Ensino),"SIMULADOR DE SUBESTAÇÃO DE ENERGIA ELÉTRICA: ATUALIZAÇÃO TECNOLÓGICA – TESTES E OPERACIONALIZAÇÃO
Coordenador(a): FERNANDO LILA",FERNANDO LILA,CCTETEC-FLN,DAE,EM EXECUÇÃO,EXTENSÃO,15/04/2025 a 15/12/2025,,,,,,,,,
PJ285-2025,FINANCIAMENTO INTERNO (PROEX Fluxo Contínuo - Programas e Projetos de Extensão Curricularizados 2025),Imersão de Tecnologias de Sensoriamento para Avaliação da Qualidade da Água Costeira: O Caso da Baía Sul de Florianópolis,FERNANDO PEDRO HENRIQUES DE MIRANDA,CCEE-FLN,DAELN,RELATÓRIO FINAL DO PROJETO ENTREGUE (AGUARDANDO AVALIAÇÃO),EXTENSÃO,24/03/2025 a 02/08/2025,,,,,,,,,
PJxxx-2025,FINANCIAMENTO INTERNO (PROEX Fluxo Contínuo - Programas e Projetos de Extensão Curricularizados 2025),Imersão de Tecnologias de Sensoriamento para Avaliação da Qualidade da Água Costeira: O Caso da Baía Sul de Florianópolis - semestre 2025/2,FERNANDO PEDRO HENRIQUES DE MIRANDA,CCEE-FLN,DAELN,AGUARDANDO APROVAÇÃO DOS DEPARTAMENTOS,EXTENSÃO,21/08/2025 a 18/12/2025,,,,,2,,,40 pessoas (Estimado),
PJxxx-2025,"FINANCIAMENTO INTERNO (PROEX Fluxo Contínuo - Programas, Projetos e Cursos 2025)","Projeto Integrador 2 - Roboi de Mamão
Coordenador(a): FLABIO ALBERTO BARDEMAKER BATISTA",FLABIO ALBERTO BARDEMAKER BATISTA,CCSTSE-FLN,DAELN,CLASSIFICADA (APROVADA SEM RECURSOS),EXTENSÃO,06/03/2025 a 27/02/2026,,,,,,,,,
CRxxx-2025,"FINANCIAMENTO INTERNO (PROEX Fluxo Contínuo - Programas, Projetos e Cursos 2025)",Curso de Atendimento a Vítimas de Acidentes Radiológicas 2025,FLAVIO AUGUSTO PENNA SOARES,CCSTR-FLN,DAS,CLASSIFICADA (APROVADA SEM RECURSOS),EXTENSÃO,15/09/2025 a 14/11/2025,,,,,,,,,
PJ068-2025,FINANCIAMENTO INTERNO (2025_DIREN-PROEN 01 - Apoio a Projetos de Ensino),"O Handebol como instrumento de permanência e êxito de estudantes do ensino integrado do IFSC-Campus Florianópolis
Coordenador(a): GIANCARLO BAZARELE MACHADO BRUNO",GIANCARLO BAZARELE MACHADO BRUNO,CEFIS-FLN,DALTEC,EM EXECUÇÃO,EXTENSÃO,15/04/2025 a 15/12/2025,,,,,,,,,
EV008-2025,FINANCIAMENTO INTERNO (PROEX Fluxo Contínuo - Eventos ou Produtos 2025),4º Encontro sobre Produtos Educacionais do Mestrado ProfEPT IFSC,GISLENE MIOTTO CATOLINO RAYMUNDO,DALTEC-FLN,DALTEC,CONCLUÍDA,EXTENSÃO,08/04/2025 a 08/04/2025,,,,,,,,,
EV038-2025,FINANCIAMENTO INTERNO (PROEX Fluxo Contínuo - Eventos ou Produtos 2025),"Práticas inclusivas na Educação Profissional e Tecnológica
Coordenador(a): GISLENE MIOTTO CATOLINO RAYMUNDO",GISLENE MIOTTO CATOLINO RAYMUNDO,DALTEC-FLN,DALTEC,RELATÓRIO FINAL DO PROJETO ENTREGUE (AGUARDANDO AVALIAÇÃO),EXTENSÃO,13/10/2025 a 13/10/2025,,,,,,,,,
PJxxx-2025,FINANCIAMENTO INTERNO (PROEX Fluxo Contínuo - Programas e Projetos de Extensão Curricularizados 2025),2º Festival Ó Lhó Lhó,GIZELY CESCONETTO DE CAMPOS,ASART-FLN,DALTEC,CADASTRO EM ANDAMENTO,EXTENSÃO,25/04/2025 a 30/04/2025,,,,,,,,,
PJ119-2025,FINANCIAMENTO INTERNO (2025_PROEX 02 - Permanente de Arte e Cultura),Cineclube Ó Lhó Lhó: educação para participação coletiva,GIZELY CESCONETTO DE CAMPOS,ASART-FLN,DALTEC,EM EXECUÇÃO,EXTENSÃO,25/04/2025 a 30/11/2025,,,,,,,,,
CRxxx-2025,"FINANCIAMENTO INTERNO (PROEX Fluxo Contínuo - Programas, Projetos e Cursos 2025)",IA Generativa na Educação,GLAUCO CARDOZO,DAGCTC-FLN,DAGCTC,CLASSIFICADA (APROVADA SEM RECURSOS),EXTENSÃO,29/09/2025 a 29/09/2025,,,,,,,,,
PJ289-2025,FINANCIAMENTO INTERNO (PROEX Fluxo Contínuo - Programas e Projetos de Extensão Curricularizados 2025),Desmistificando a mecatrônica: como alunos do curso de Engenharia Mecatrônica podem ajudar jovens a se interessarem por engenharias.,GREGORY CHAGAS DA COSTA GOMES,CCEMCT-FLN,DAMM,RELATÓRIO FINAL DO PROJETO ENTREGUE (AGUARDANDO AVALIAÇÃO),EXTENSÃO,24/03/2025 a 02/08/2025,,,,,,,,,
PJxxx-2025,FINANCIAMENTO INTERNO (PROEX Fluxo Contínuo - Programas e Projetos de Extensão Curricularizados 2025),"MECATHRON - Uma Experiência Imersiva de Mecatrônica
Coordenador(a): GREGORY CHAGAS DA COSTA GOMES",GREGORY CHAGAS DA COSTA GOMES,CCEMCT-FLN,DAMM,CLASSIFICADA (APROVADA SEM RECURSOS),EXTENSÃO,18/08/2025 a 19/12/2025,,,,,,,,,
PG001-2025,"FINANCIAMENTO INTERNO (PROEX Fluxo Contínuo - Programas, Projetos e Cursos 2025)","Programa Engenhar: Inspirando as Gerações que Transformarão o Futuro
Coordenador(a): GREGORY CHAGAS DA COSTA GOMES",GREGORY CHAGAS DA COSTA GOMES,CCEMCT-FLN,DAMM,EM EXECUÇÃO,EXTENSÃO,25/03/2025 a 31/07/2026,,,,,,,,,
EVxxx-2025,FINANCIAMENTO INTERNO (PROEX Fluxo Contínuo - Eventos ou Produtos 2025),"Feira de Ensino, Pesquisa e Extensão SNCT 2025",GREYSON ALBERTO RECH,COPPI-FLN,DPPE,CADASTRO EM ANDAMENTO,EXTENSÃO,29/10/2025 a 30/10/2025,,,,,,,,,
PJxxx-2025,"FINANCIAMENTO INTERNO (PROEX Fluxo Contínuo - Programas, Projetos e Cursos 2025)","Pólo Olímpico de Robótica Educacional na Grande Florianópolis
Coordenador(a): GREYSON ALBERTO RECH",GREYSON ALBERTO RECH,COPPI-FLN,DPPE,CLASSIFICADA (APROVADA SEM RECURSOS),EXTENSÃO,01/08/2025 a 27/02/2026,,,,,,,,,
CR021-2025,"FINANCIAMENTO INTERNO (PROEX Fluxo Contínuo - Programas, Projetos e Cursos 2025)",Educação Financeira para Jovens,HUMBERTO FRANCISCO BEIRAO JUNIOR,CCSTSEN-FLN,DAE,EM EXECUÇÃO,EXTENSÃO,11/07/2025 a 25/07/2025,,,,,,,,,
PJ407-2025,FINANCIAMENTO INTERNO (PROEX Fluxo Contínuo - Programas e Projetos de Extensão Curricularizados 2025),Educação Financeira para Jovens,HUMBERTO FRANCISCO BEIRAO JUNIOR,CCSTSEN-FLN,DAE,EM EXECUÇÃO,EXTENSÃO,28/03/2025 a 01/08/2025,,,,,,,,,
PJ352-2025,FINANCIAMENTO INTERNO (PROEX Fluxo Contínuo - Programas e Projetos de Extensão Curricularizados 2025),Inclusão Digital com Smartphones,HUMBERTO FRANCISCO BEIRAO JUNIOR,CCSTSEN-FLN,DAE,EM EXECUÇÃO,EXTENSÃO,28/03/2025 a 01/08/2025,,,,,,,,,
CR020-2025,"FINANCIAMENTO INTERNO (PROEX Fluxo Contínuo - Programas, Projetos e Cursos 2025)",Inclusão Digital com Smartphones,HUMBERTO FRANCISCO BEIRAO JUNIOR,CCSTSEN-FLN,DAE,RELATÓRIO FINAL DO PROJETO ENTREGUE (AGUARDANDO AVALIAÇÃO),EXTENSÃO,30/05/2025 a 11/07/2025,,,,,,,,,
PJxxx-2025,FINANCIAMENTO INTERNO (PROEX Fluxo Contínuo - Programas e Projetos de Extensão Curricularizados 2025),"Luz Mais Barata: Soluções Inteligentes para Reduzir o Custo da Energia.
Coordenador(a): HUMBERTO FRANCISCO BEIRAO JUNIOR",HUMBERTO FRANCISCO BEIRAO JUNIOR,CCSTSEN-FLN,,CADASTRO EM ANDAMENTO,EXTENSÃO,22/08/2025 a 19/12/2025,,,,,,,,,
PJxxx-2025,FINANCIAMENTO INTERNO (PROEX Fluxo Contínuo - Programas e Projetos de Extensão Curricularizados 2025),Hortas com irrigação automática em escolas de ensino fundamental.,HUMBERTO REDER CAZANGI,CCSTSEN-FLN,,CADASTRO EM ANDAMENTO,EXTENSÃO,22/08/2025 a 19/12/2025,,,,,,,,,
CRxxx-2025,"FINANCIAMENTO INTERNO (2024_PROEX Fluxo Contínuo - Programas, Projetos e Cursos)","QUALIFICAÇÃO EM MANUTENÇÃO AUTOMOTIVA PARA PERITOS DA POLÍCIA CIENTÍFICA DE SANTA CATARINA
Coordenador(a): HUMBERTO REDER CAZANGI",HUMBERTO REDER CAZANGI,CCTMAUT-FLN,DAMM,SUBMETIDA,EXTENSÃO,02/06/2025 a 30/11/2025,,,,,,,,,
PJ034-2025,FINANCIAMENTO INTERNO (2025_DIREN-PROEN 01 - Apoio a Projetos de Ensino),Cesta e ritmo: Basquete e hip hop no desenvolvimento integral de adolescentes,ILCA MARIA SALDANHA DINIZ,CEFIS-FLN,DALTEC,EM EXECUÇÃO,EXTENSÃO,15/04/2025 a 15/12/2025,,,,,,,,,
PJxxx-2025,"FINANCIAMENTO INTERNO (PROEX Fluxo Contínuo - Programas, Projetos e Cursos 2025)","Saúde & Lazer na Melhor Idade
Coordenador(a): ILCA MARIA SALDANHA DINIZ",ILCA MARIA SALDANHA DINIZ,CEFIS-FLN,DALTEC,CLASSIFICADA (APROVADA SEM RECURSOS),EXTENSÃO,01/09/2025 a 05/12/2025,,,,,,,,,
PJ123-2025,FINANCIAMENTO INTERNO (2025_PROEX 02 - Permanente de Arte e Cultura),Coral do IFSC: 47 anos de atuação junto à comunidade da Grande Florianópolis- projeto 2025,IRINEU LOPES MELO,ASART-FLN,DALTEC,EM EXECUÇÃO,EXTENSÃO,30/04/2025 a 30/11/2025,,,,,,,,,
PJxxx-2025,FINANCIAMENTO INTERNO (PROEX Fluxo Contínuo - Programas e Projetos de Extensão Curricularizados 2025),"Programação, robótica e jogos – Proposta de Inclusão Tecnológica para a Escolas Públicas
Coordenador(a): JEAN PAULO RODRIGUES",JEAN PAULO RODRIGUES,CCEMCT-FLN,DAMM,AGUARDANDO APROVAÇÃO DOS DEPARTAMENTOS,EXTENSÃO,01/09/2025 a 07/11/2025,,,,,,,,,
PJ275-2025,FINANCIAMENTO INTERNO (PROEX Fluxo Contínuo - Programas e Projetos de Extensão Curricularizados 2025),"Programação, robótica e jogos – Proposta de Inclusão Tecnológica para a Escolas Públicas
Coordenador(a): JEAN PAULO RODRIGUES",JEAN PAULO RODRIGUES,CCEMCT-FLN,DAMM,CONCLUÍDA,EXTENSÃO,26/03/2025 a 02/07/2025,,,,,,,,,
PJ110-2025,FINANCIAMENTO INTERNO (2025_DIREN-PROEN 01 - Apoio a Projetos de Ensino),"Projeto de Acolhimento para Êxito em Matemática (PAEM)
Coordenador(a): JORGE PAULINO DA SILVA FILHO",JORGE PAULINO DA SILVA FILHO,ASMAT-FLN,DALTEC,EM EXECUÇÃO,EXTENSÃO,15/04/2025 a 15/12/2025,,,,,,,,,
PJxxx-2025,"FINANCIAMENTO INTERNO (PROEX Fluxo Contínuo - Programas, Projetos e Cursos 2025)","PROJETO ESPAÇO DA MULHER: IFSC - CAMPUS FLORIANÓPOLIS
Coordenador(a): JULIANA FERNANDES DA NOBREGA",JULIANA FERNANDES DA NOBREGA,CCTEN-FLN,DAS,CLASSIFICADA (APROVADA SEM RECURSOS),EXTENSÃO,06/03/2025 a 27/02/2026,,,,,,,,,
PJ162-2025,FINANCIAMENTO INTERNO (2025_PROEX 01 - Apoio a Projetos de Extensão),"GESTAR, PARIR, NASCER E NUTRIR: PROMOVENDO A SAÚDE DE MULHERES E FAMÍLIAS",JULIANA JACQUES DA COSTA MONGUILHOTT,CCTEN-FLN,DAS,EM EXECUÇÃO,EXTENSÃO,01/04/2025 a 30/11/2025,,,,,,,,,
PJ057-2025,FINANCIAMENTO INTERNO (2025_DIREN-PROEN 01 - Apoio a Projetos de Ensino),Atividades Práticas de Inspeção em Soldagem,JULIO CEZAR BARCELLOS DA SILVA,DAMM-FLN,DAMM,EM EXECUÇÃO,EXTENSÃO,15/04/2025 a 15/12/2025,,,,,,,,,
PJ392-2025,FINANCIAMENTO INTERNO (PROEX Fluxo Contínuo - Programas e Projetos de Extensão Curricularizados 2025),Eletrônica e Cultura Popular na Construção de Robôs de Baixo Custo Inspirados no Folguedo do Boi de Mamão,JULIO FELLER GOLIN,CCSTSE-FLN,DAELN,EM EXECUÇÃO,EXTENSÃO,24/03/2025 a 01/08/2025,,,,,,,,,
PJxxx-2025,FINANCIAMENTO INTERNO (2025_PROEX 01 - Apoio a Projetos de Extensão),"Programa de capacitação e atualização em Radiologia Veterinária
Coordenador(a): KAREN BORGES WALTRICK",KAREN BORGES WALTRICK,CCSTR-FLN,DAS,TEMPO DE CADASTRO EXPIRADO,EXTENSÃO,01/04/2025 a 30/11/2025,,,,,,,,,
PJxxx-2025,FINANCIAMENTO INTERNO (2025_DIREN/PROEN_APOIO_PROJETOS_ENSINO_FLUXO_CONTINUO),"Realidades e culturas indígenas no Brasil: articulação entre unidades curriculares para realização de produção textual.
Coordenador(a): KARINE PEREIRA GOSS",KARINE PEREIRA GOSS,ASCIH-FLN,DALTEC,CADASTRO EM ANDAMENTO,EXTENSÃO,25/08/2025 a 19/12/2025,,,,,,,,,
PJxxx-2025,"FINANCIAMENTO INTERNO (PROEX Fluxo Contínuo - Programas, Projetos e Cursos 2025)","R2R Empresa Júnior
Coordenador(a): LEANDRO SCHWARZ",LEANDRO SCHWARZ,DAELN-FLN,DAELN,CLASSIFICADA (APROVADA SEM RECURSOS),EXTENSÃO,13/08/2025 a 27/02/2026,,,,,,,,,
PJxxx-2025,FINANCIAMENTO INTERNO (2025_DIREN/PROEN_APOIO_PROJETOS_ENSINO_FLUXO_CONTINUO),"Oficinas de Orientação Pedagógica para Estudantes Após os Conselhos de Classe Intermediários
Coordenador(a): LIVIA DE MELLO REIS",LIVIA DE MELLO REIS,COPED-FLN,CP,CLASSIFICADA (APROVADA SEM RECURSOS),EXTENSÃO,20/10/2025 a 12/12/2025,,,,,,,,,
PJxxx-2025,FINANCIAMENTO INTERNO (2025_PROEX 01 - Apoio a Projetos de Extensão),"Monitoramento
Coordenador(a): LUCAS BASTIANELLO SCREMIN",LUCAS BASTIANELLO SCREMIN,CCTA-FLN,DACC,TEMPO DE CADASTRO EXPIRADO,EXTENSÃO,01/04/2025 a 30/11/2025,,,,,,,,,
PJ030-2025,FINANCIAMENTO INTERNO (2025_DIREN-PROEN 01 - Apoio a Projetos de Ensino),"SpeedIFSC 2.0: Calibrando competências em eletrônica automotiva
Coordenador(a): LUCAS SILVA YOSHIDA",LUCAS SILVA YOSHIDA,DAMM-FLN,DAMM,EM EXECUÇÃO,EXTENSÃO,15/04/2025 a 15/12/2025,,,,,,,,,
PJ190-2025,"FINANCIAMENTO INTERNO (PROEX Fluxo Contínuo - Programas, Projetos e Cursos 2025)","Intercâmbio através de cartas
Coordenador(a): LUCIMARY GONSALVES BAJON",LUCIMARY GONSALVES BAJON,ASLEST-FLN,DALTEC,EM EXECUÇÃO,EXTENSÃO,24/03/2025 a 19/12/2025,,,,,,,,,
EV030-2025,FINANCIAMENTO INTERNO (PROEX Fluxo Contínuo - Eventos ou Produtos 2025),Extraindo carragena da alga Kappaphycus alvarezzi (KA) e suas aplicações em nanotecnologia e saúde,MARCEL PIOVEZAN,CCTIQ-FLN,DALTEC,RELATÓRIO FINAL DO PROJETO ENTREGUE (AGUARDANDO AVALIAÇÃO),EXTENSÃO,22/08/2025 a 22/08/2025,,,,,,,,,
PJ033-2025,FINANCIAMENTO INTERNO (2025_PROEX 01 - Apoio a Projetos de Extensão),"Visibilidade e aplicabilidade de carragenana extraída da alga Kappaphycus alvarezii produzida em Florianópolis para difusão de saberes técnicos para algicultores da região
Coordenador(a): MARCEL PIOVEZAN",MARCEL PIOVEZAN,CCTIQ-FLN,DALTEC,EM EXECUÇÃO,EXTENSÃO,01/04/2025 a 30/11/2025,,,,,,,,,
PJ282-2025,"FINANCIAMENTO INTERNO (PROEX Fluxo Contínuo - Programas, Projetos e Cursos 2025)",EUMECA - Empresa Júnior de Engenharia Mecatrônica - Semestre 2025/1,MARCELO NIEHUES SCHLICKMANN,CCTMEC-FLN,DAMM,CONCLUÍDA,EXTENSÃO,24/03/2025 a 02/08/2025,,,,,,,,,
PJxxx-2025,"FINANCIAMENTO INTERNO (PROEX Fluxo Contínuo - Programas, Projetos e Cursos 2025)",EUMECA - Empresa Júnior de Engenharia Mecatrônica - Semestre 2025/2,MARCELO NIEHUES SCHLICKMANN,CCTMEC-FLN,DAMM,CADASTRO EM ANDAMENTO,EXTENSÃO,18/08/2025 a 19/12/2025,,,,,,,,,
PJxxx-2025,"FINANCIAMENTO INTERNO (PROEX Fluxo Contínuo - Programas, Projetos e Cursos 2025)",ACIDENTES COM ANIMAIS PEÇONHENTOS EM SANTA CATARINA,MARCELO RENNO BRAGA,ASQUI-FLN,DALTEC,AGUARDANDO APROVAÇÃO DOS DEPARTAMENTOS,EXTENSÃO,27/08/2025 a 31/07/2026,,,,,,,,,
PJxxx-2025,,"O projeto Engenharia Social: Saberes e Tecnologias para a Cidadania
Coordenador(a): MARCIA EUNICE LOBO",MARCIA EUNICE LOBO,DALTEC-FLN,DALTEC,AGUARDANDO APROVAÇÃO DOS DEPARTAMENTOS,EXTENSÃO,07/10/2025 a 12/12/2025,,,,,,,,,
CR006-2025,"FINANCIAMENTO INTERNO (PROEX Fluxo Contínuo - Programas, Projetos e Cursos 2025)",Capacitação em Primeiros Socorros para Esportistas,MARCIELE MISIAK CALDAS,DASS-FLN,DAS,CONCLUÍDA,EXTENSÃO,10/03/2025 a 17/03/2025,,,,,,,,,
PJ391-2025,"FINANCIAMENTO INTERNO (PROEX Fluxo Contínuo - Programas, Projetos e Cursos 2025)	","LASERTERAPIA NO TRATAMENTO DE FERIDAS: PROMOVENDO A SAÚDE NA GRANDE FLORIANÓPOLIS
Coordenador(a): MARCIELE MISIAK CALDAS",MARCIELE MISIAK CALDAS,CCTEN-FLN,DAS,EM EXECUÇÃO,EXTENSÃO,01/05/2025 a 31/12/2025,,,,,,,,,
EVxxx-2025,FINANCIAMENTO INTERNO (PROEX Fluxo Contínuo - Eventos ou Produtos 2025),"Mostra de Trabalhos
Coordenador(a): MARCOS ARAQUEM SCOPEL",MARCOS ARAQUEM SCOPEL,ASFIS-FLN,DPPE,CADASTRO EM ANDAMENTO,EXTENSÃO,29/10/2025 a 30/10/2025,,,,,,,,,
PJ009-2025,FINANCIAMENTO INTERNO (2025_PROEX 01 - Apoio a Projetos de Extensão),Engenheiros Mirins,MARIA CLAUDIA DE ALMEIDA CASTRO,CCEE-FLN,DAELN,EM EXECUÇÃO,EXTENSÃO,01/04/2025 a 30/11/2025,,,,,,,,,
EV027-2025,FINANCIAMENTO INTERNO (PROEX Fluxo Contínuo - Eventos ou Produtos 2025),AMBIENTALIZE - educação ambiental para o saneamento básico,MARIANA MOLLERI DE LIMAS FONSECA,CCTS-FLN,DACC,RELATÓRIO FINAL DO PROJETO ENTREGUE (AGUARDANDO AVALIAÇÃO),EXTENSÃO,06/06/2025 a 06/06/2025,,,,,,,,,
PJxxx-2025,"FINANCIAMENTO INTERNO (PROEX Fluxo Contínuo - Programas, Projetos e Cursos 2025)","Projeto Integrador ""Ambientalize"": educação ambiental voltada aos quatro eixos do saneamento.
Coordenador(a): MARIANA MOLLERI DE LIMAS FONSECA",MARIANA MOLLERI DE LIMAS FONSECA,CCTS-FLN,DACC,CLASSIFICADA (APROVADA SEM RECURSOS),EXTENSÃO,27/03/2025 a 31/07/2025,,,,,,,,,
PJ378-2025,FINANCIAMENTO INTERNO (2025_DIREN/PROEN_APOIO_PROJETOS_ENSINO_FLUXO_CONTINUO),"Rodas de Conversa com estudantes: Procura-se Encontros!
Coordenador(a): MARIANA TSUCHIDA ZANFRA DUTRA",MARIANA TSUCHIDA ZANFRA DUTRA,COPED-FLN,CP,RELATÓRIO FINAL DO PROJETO ENTREGUE (AGUARDANDO AVALIAÇÃO),EXTENSÃO,30/05/2025 a 31/07/2025,,,,,,,,,
PJxxx-2025,FINANCIAMENTO INTERNO (2025_DIREN/PROEN_APOIO_PROJETOS_ENSINO_FLUXO_CONTINUO),Capivárias: grupo de estudos avançados em Biologia,MARILIA NARDELLI SIEBERT,ASQUI-FLN,DALTEC,CADASTRO EM ANDAMENTO,EXTENSÃO,01/10/2025 a 20/12/2025,,,,,,,,,
PJ321-2025,FINANCIAMENTO INTERNO (2025_DAE-PROEN 05 - Fomento às Ações de Equidade),"Meliponicultura urbana: contribuições para a sua prática no IFSC Câmpus Florianópolis
Coordenador(a): MARIO CESAR SEDREZ",MARIO CESAR SEDREZ,ASQUI-FLN,DALTEC,EM EXECUÇÃO,EXTENSÃO,06/08/2025 a 31/12/2025,,,,,,,,,
PJ035-2025,FINANCIAMENTO INTERNO (2025_DIREN-PROEN 01 - Apoio a Projetos de Ensino),Experiências com ensino-aprendizagem-treinamento das Equipes de Atletismo do IFSC Florianópolis,MARISTELA MILANSKI,CEFIS-FLN,DALTEC,EM EXECUÇÃO,EXTENSÃO,15/04/2025 a 15/12/2025,,,,,,,,,
PJxxx-2025,FINANCIAMENTO INTERNO (2025_PROEX 01 - Apoio a Projetos de Extensão),"Monitoramento Topográfico do Parque Aventuras Maria Inês Tournier - Pedreira do Abraão
Coordenador(a): MATHEUS PEREIRA GUZATTO",MATHEUS PEREIRA GUZATTO,CCTA-FLN,DACC,CLASSIFICADA (APROVADA SEM RECURSOS),EXTENSÃO,01/04/2025 a 30/11/2025,,,,,,,,,
EV025-2025,FINANCIAMENTO INTERNO (PROEX Fluxo Contínuo - Eventos ou Produtos 2025),2ª Mostra de Lançamento de Foguetes do Polo Olímpico do IFSC Câmpus Florianópolis,MICHELY DE MELO PELLIZZARO,ASMAT-FLN,DALTEC,EM EXECUÇÃO,EXTENSÃO,10/05/2025 a 10/05/2025,,,,,,,,,
PJ498-2025,"FINANCIAMENTO INTERNO (PROEX Fluxo Contínuo - Programas, Projetos e Cursos 2025)",Diagnóstico Técnico de Instalações Especiais e Acessibilidade na Comunidade Católica Shalom,MILENA DE MESQUITA BRANDAO,CCTEDF-FLN,DACC,EM EXECUÇÃO,EXTENSÃO,18/09/2025 a 19/12/2025,,,,,,,,,
PJ440-2025,FINANCIAMENTO INTERNO (PROEX Fluxo Contínuo - Programas e Projetos de Extensão Curricularizados 2025),"Prospecção de Demandas de Engenharia para a Comunidade
Coordenador(a): OLIVIER ALLAIN",OLIVIER ALLAIN,DALTEC-FLN,DALTEC,EM EXECUÇÃO,EXTENSÃO,02/10/2025 a 11/12/2025,,,,,,,,,
PJ474-2025,FINANCIAMENTO INTERNO (PROEX Fluxo Contínuo - Programas e Projetos de Extensão Curricularizados 2025),"Mobiliários Sociais para Desastres Naturais em Santa Catarina
Coordenador(a): PÂMELA TEIXEIRA FERNANDES",PÂMELA TEIXEIRA FERNANDES,CCBD-FLN,DAMM,RELATÓRIO FINAL DO PROJETO ENTREGUE (AGUARDANDO AVALIAÇÃO),EXTENSÃO,01/04/2025 a 08/07/2025,,,,,,,,,
PJ375-2025,"FINANCIAMENTO INTERNO (PROEX Fluxo Contínuo - Programas, Projetos e Cursos 2025)","Recuperação e Reuso de lâmpadas LED
Coordenador(a): PEDRO CESAR CORDEIRO VIEIRA",PEDRO CESAR CORDEIRO VIEIRA,CCSTSEN-FLN,DAE,EM EXECUÇÃO,EXTENSÃO,24/03/2025 a 24/03/2026,,,,,,,,,
PJxxx-2025,FINANCIAMENTO INTERNO (2025_PROEX 01 - Apoio a Projetos de Extensão),"Nas entrelinhas: a leitura de livros escritos por mulheres em presídios femininos
Coordenador(a): RACHEL PANTALENA LEAL",RACHEL PANTALENA LEAL,ASPOR-FLN,DALTEC,CLASSIFICADA (APROVADA SEM RECURSOS),EXTENSÃO,01/04/2025 a 30/11/2025,,,,,,,,,
PJ482-2025,"FINANCIAMENTO INTERNO (PROEX Fluxo Contínuo - Programas, Projetos e Cursos 2025)	","Laboratório de Cordas – IFSC: ANO 3
Coordenador(a): RAMIRO ANTONIO DA COSTA",RAMIRO ANTONIO DA COSTA,ASART-FLN,DALTEC,EM EXECUÇÃO,EXTENSÃO,18/08/2025 a 18/12/2025,,,,,,,,,
PJ116-2025,FINANCIAMENTO INTERNO (2025_PROEX 02 - Permanente de Arte e Cultura),"Orquestra Experimental do IFSC – 24 anos
Coordenador(a): RAMIRO ANTONIO DA COSTA",RAMIRO ANTONIO DA COSTA,ASART-FLN,DALTEC,EM EXECUÇÃO,EXTENSÃO,30/04/2025 a 30/11/2025,,,,,,,,,
EV003-2025,FINANCIAMENTO INTERNO (2024_PROEX Fluxo Contínuo - Eventos ou Produtos),5° CICLO DE PALESTRAS EM GEOTECNIA E TRANSPORTES,SAMUEL JOAO DA SILVEIRA,CCEC-FLN,DACC,CONCLUÍDA,EXTENSÃO,14/05/2025 a 15/05/2025,,,,,,,,,
PJ097-2025,FINANCIAMENTO INTERNO (2025_PROEX 01 - Apoio a Projetos de Extensão),"RPG (Role Playing Game) no IFSC: uma mídia de aprendizagem em História, Ciências, Literatura e Língua Portuguesa
Coordenador(a): SERGIO TORLAI PEREIRA",SERGIO TORLAI PEREIRA,ASFIS-FLN,DALTEC,EM EXECUÇÃO,EXTENSÃO,01/04/2025 a 30/11/2025,,,,,,,,,
CRxxx-2025,"FINANCIAMENTO INTERNO (PROEX Fluxo Contínuo - Programas, Projetos e Cursos 2025)",Editoração Científica,TANIA JUREMA FLORES DA ROSA AIUB,ASPOR-FLN,DALTEC,CADASTRO EM ANDAMENTO,EXTENSÃO,08/07/2025 a 22/07/2025,,,,,,,,,
PDxxx-2025,FINANCIAMENTO INTERNO (PROEX Fluxo Contínuo - Eventos ou Produtos 2025),Guia do Estudante Conectado,TANIA JUREMA FLORES DA ROSA AIUB,ASPOR-FLN,DALTEC,CADASTRO EM ANDAMENTO,EXTENSÃO,27/05/2025 a 30/06/2025,,,,,,,,,
PJxxx-2025,"FINANCIAMENTO INTERNO (PROEX Fluxo Contínuo - Programas, Projetos e Cursos 2025)","Oficinas para Revisão Gramatical
Coordenador(a): TANIA JUREMA FLORES DA ROSA AIUB",TANIA JUREMA FLORES DA ROSA AIUB,ASPOR-FLN,DALTEC,CLASSIFICADA (APROVADA SEM RECURSOS),EXTENSÃO,15/07/2025 a 31/07/2025,,,,,,,,,
PD003-2025,FINANCIAMENTO INTERNO (PROEX Fluxo Contínuo - Eventos ou Produtos 2025)	,"Revista de Divulgação Científica do Departamento Acadêmico de Linguagem, Tecnologia, Educação e Ciência (DALTEC)
Coordenador(a): TANIA JUREMA FLORES DA ROSA AIUB",TANIA JUREMA FLORES DA ROSA AIUB,ASPOR-FLN,DALTEC,EM EXECUÇÃO,EXTENSÃO,05/05/2025 a 23/02/2026,,,,,,,,,
PJxxx-2025,"FINANCIAMENTO INTERNO (PROEX Fluxo Contínuo - Programas, Projetos e Cursos 2025)","Vozes do Tempo: Ciclo de seminários
Coordenador(a): TANIA JUREMA FLORES DA ROSA AIUB",TANIA JUREMA FLORES DA ROSA AIUB,ASPOR-FLN,DALTEC,CADASTRO EM ANDAMENTO,EXTENSÃO,25/08/2025 a 05/12/2025,,,,,,,,,
EVxxx-2025,FINANCIAMENTO INTERNO (PROEX Fluxo Contínuo - Eventos ou Produtos 2025),"IX Jornada do Clima e Ambiente
Coordenador(a): THIAGO PEREIRA ALVES",THIAGO PEREIRA ALVES,CMPCA-FLN,DAS,CADASTRO EM ANDAMENTO,EXTENSÃO,02/10/2025 a 03/10/2025,,,,,,,,,
EV034-2025,FINANCIAMENTO INTERNO (PROEX Fluxo Contínuo - Eventos ou Produtos 2025),13º Semana Acadêmica de Gestão da Tecnologia da Informação,UNDERLEA CABREIRA CORREA,DAGCTC-FLN,DAGCTC,EM EXECUÇÃO,EXTENSÃO,07/07/2025 a 11/07/2025,,,,,,,,,
PJxxx-2025,FINANCIAMENTO INTERNO (PROEX Fluxo Contínuo - Programas e Projetos de Extensão Curricularizados 2025),"Controle de Processos Industriais - Uma Experiência de Ensino, Pesquisa e Extensão",VALDIR NOLL,CCEMCT-FLN,DAMM,CLASSIFICADA (APROVADA SEM RECURSOS),EXTENSÃO,18/08/2025 a 19/12/2025,,,,,,,,,
CRxxx-2025,"FINANCIAMENTO INTERNO (PROEX Fluxo Contínuo - Programas, Projetos e Cursos 2025)",Arte: Filosofia e Psicanálise,VALESKA BERNARDO,CART-FLN,DALTEC,CLASSIFICADA (APROVADA SEM RECURSOS),EXTENSÃO,20/05/2025 a 20/05/2025,,,,,,,,,
PJ120-2025,FINANCIAMENTO INTERNO (2025_PROEX 02 - Permanente de Arte e Cultura),Atelier Livre,VALESKA BERNARDO,CART-FLN,DALTEC,EM EXECUÇÃO,EXTENSÃO,30/04/2025 a 30/11/2025,,,,,,,,,
PJ452-2025,FINANCIAMENTO INTERNO (2025_PROEX 25 - DIDASCALICO),Compartilharte 2025,VALESKA BERNARDO,CART-FLN,DALTEC,EM EXECUÇÃO,EXTENSÃO,13/10/2025 a 19/12/2025,,,,,,,,,
EVxxx-2025,FINANCIAMENTO INTERNO (PROEX Fluxo Contínuo - Eventos ou Produtos 2025),Compartilharte 2025,VALESKA BERNARDO,CART-FLN,DALTEC,SUBMETIDA,EXTENSÃO,29/10/2025 a 30/10/2025,,,,,,,,,
PJ385-2025,"FINANCIAMENTO INTERNO (PROEX Fluxo Contínuo - Programas, Projetos e Cursos 2025)",Exposição “Vestígios”,VALESKA BERNARDO,CART-FLN,DALTEC,EM EXECUÇÃO,EXTENSÃO,06/06/2025 a 01/11/2025,,,,,,,,,
CRxxx-2025,"FINANCIAMENTO INTERNO (PROEX Fluxo Contínuo - Programas, Projetos e Cursos 2025)","Microprática: Montagem e Monotipia
Coordenador(a): VALESKA BERNARDO",VALESKA BERNARDO,CART-FLN,DALTEC,CLASSIFICADA (APROVADA SEM RECURSOS),EXTENSÃO,01/07/2025 a 03/07/2025,,,,,,,,,
CRxxx-2025,"FINANCIAMENTO INTERNO (PROEX Fluxo Contínuo - Programas, Projetos e Cursos 2025)","Oficina “Cadernos Selvagens”
Coordenador(a): VALESKA BERNARDO",VALESKA BERNARDO,CART-FLN,DALTEC,CADASTRO EM ANDAMENTO,EXTENSÃO,16/06/2025 a 16/06/2025,,,,,,,,,
CR030-2025,"FINANCIAMENTO INTERNO (PROEX Fluxo Contínuo - Programas, Projetos e Cursos 2025)","Workshop Arte e Conscientização: Lixo nos oceanos
Coordenador(a): VALESKA BERNARDO",VALESKA BERNARDO,CART-FLN,DALTEC,RELATÓRIO FINAL DO PROJETO ENTREGUE (AGUARDANDO AVALIAÇÃO),EXTENSÃO,05/06/2025 a 05/06/2025,,,,,,,,,
PJ118-2025,FINANCIAMENTO INTERNO (2025_PROEX 02 - Permanente de Arte e Cultura),"LaTTe 2025 - Laboratórios de Técnicas Teatrais
Coordenador(a): VANILDA LÍDIA FERREIRA DE MACEDO",VANILDA LÍDIA FERREIRA DE MACEDO,ASART-FLN,DALTEC,EM EXECUÇÃO,EXTENSÃO,30/04/2025 a 30/11/2025,,,,,,,,,
PJxxx-2025,"FINANCIAMENTO INTERNO (PROEX Fluxo Contínuo - Programas, Projetos e Cursos 2025)","Treinamento de equacionamento de circuitos elétricos (Continuação)
Coordenador(a): VERONICA ETCHEBEHERE SANTIAGO",VERONICA ETCHEBEHERE SANTIAGO,CCEET-FLN,DAE,CLASSIFICADA (APROVADA SEM RECURSOS),EXTENSÃO,05/05/2025 a 27/02/2026,,,,,,,,,
PJ028-2025,FINANCIAMENTO INTERNO (2025_DIREN-PROEN 01 - Apoio a Projetos de Ensino),Experimentação como caminho para o conhecimento da química,VITOR CORREA WEISS,ASQUI-FLN,DALTEC,EM EXECUÇÃO,EXTENSÃO,15/04/2025 a 15/12/2025,,,,,,,,,